{
    "experiment_name": "MNIST",
    "num_experiments": 30,
    "params": {
        "teacher": {
            "C": 1000,
            "T": 10,
            "s": 4.0,
            "epochs": 120
        },
        "student": {
            "C": 100,
            "T": 10,
            "s": 4.0,
            "epochs": 240
        },
        "temperature": 3.0,
        "alpha": 0.5,
        "z": 0.3,
        "weighted_clauses": true,
        "number_of_state_bits": 8,
        "combined_epochs": 360
    },
    "data": {
        "X_train": [
            60000,
            784
        ],
        "Y_train": [
            60000
        ],
        "X_test": [
            10000,
            784
        ],
        "Y_test": [
            10000
        ],
        "num_classes": 10
    },
    "analysis": {
        "avg_acc_test_teacher": 95.19164722222222,
        "avg_acc_test_student": 90.37065370370371,
        "avg_acc_test_distilled": 93.9473101851852,
        "std_acc_test_teacher": 0.07923763880279129,
        "std_acc_test_student": 0.15914531205723736,
        "std_acc_test_distilled": 0.053794875473893965,
        "avg_acc_train_teacher": 97.63448472222221,
        "avg_acc_train_student": 90.63391620370369,
        "avg_acc_train_distilled": 95.24139984567901,
        "std_acc_train_teacher": 0.08065878967544773,
        "std_acc_train_student": 0.15801086882976526,
        "std_acc_train_distilled": 0.056001810141922605,
        "avg_time_train_teacher": 0.6977452925841015,
        "avg_time_train_student": 0.2625640987908398,
        "avg_time_train_distilled": 0.23681402587228353,
        "std_time_train_teacher": 0.016803589839605004,
        "std_time_train_student": 0.001256030177769646,
        "std_time_train_distilled": 0.0005794056580540278,
        "avg_time_test_teacher": 0.37807194347734807,
        "avg_time_test_student": 0.05669185898922109,
        "avg_time_test_distilled": 0.06069606969753901,
        "std_time_test_teacher": 0.018148729646935775,
        "std_time_test_student": 0.0005383868885356808,
        "std_time_test_distilled": 0.0008600765797458901,
        "avg_time_train_teacher_normalized": 1.0,
        "avg_time_train_student_normalized": 0.376303647737175,
        "avg_time_train_distilled_normalized": 0.33939895888833904,
        "std_time_train_teacher_normalized": 0.02408269897081337,
        "std_time_train_student_normalized": 0.0018001270536959616,
        "std_time_train_distilled_normalized": 0.000830397086461448,
        "avg_time_test_teacher_normalized": 1.0,
        "avg_time_test_student_normalized": 0.14994992346639904,
        "avg_time_test_distilled_normalized": 0.160541057713201,
        "std_time_test_teacher_normalized": 0.04800337597128029,
        "std_time_test_student_normalized": 0.0014240329064987537,
        "std_time_test_distilled_normalized": 0.0022749018925743705,
        "avg_total_time": 1522.7608822107316,
        "std_total_time": 54.65398402050015
    }
}