{
    "experiment_name": "EMNIST",
    "num_experiments": 29,
    "params": {
        "teacher": {
            "C": 1000,
            "T": 100,
            "s": 4.0,
            "epochs": 120
        },
        "student": {
            "C": 100,
            "T": 100,
            "s": 4.0,
            "epochs": 240
        },
        "temperature": 4.0,
        "alpha": 0.5,
        "z": 0.2,
        "_agg_num": 29,
        "weighted_clauses": true,
        "number_of_state_bits": 8,
        "combined_epochs": 360
    },
    "data": {
        "X_train": [
            124800,
            784
        ],
        "Y_train": [
            124800
        ],
        "X_test": [
            20800,
            784
        ],
        "Y_test": [
            20800
        ],
        "num_classes": 26
    },
    "analysis": {
        "avg_acc_test_teacher": 80.95283534114353,
        "avg_acc_test_student": 77.51051153109343,
        "avg_acc_test_distilled": 80.25984149351608,
        "std_acc_test_teacher": 0.08595095986649522,
        "std_acc_test_student": 0.06911559414030215,
        "std_acc_test_distilled": 0.06895512876643647,
        "avg_acc_train_teacher": 86.89909932520385,
        "avg_acc_train_student": 79.36372325989781,
        "avg_acc_train_distilled": 83.1777311898271,
        "std_acc_train_teacher": 0.09138593614992485,
        "std_acc_train_student": 0.06578858916880434,
        "std_acc_train_distilled": 0.05608570035039995,
        "avg_time_train_teacher": 3.0927092088136634,
        "avg_time_train_student": 0.5832696564124462,
        "avg_time_train_distilled": 0.6368698231790259,
        "std_time_train_teacher": 0.045946952041241086,
        "std_time_train_student": 0.043840801265727765,
        "std_time_train_distilled": 0.03608363934645925,
        "avg_time_test_teacher": 3.125558194506671,
        "avg_time_test_student": 0.2448565737726131,
        "avg_time_test_distilled": 0.2476413971733773,
        "std_time_test_teacher": 0.12315957424674868,
        "std_time_test_student": 0.011737122281252557,
        "std_time_test_distilled": 0.011695739492837014,
        "avg_time_train_teacher_normalized": 1.0,
        "avg_time_train_student_normalized": 0.18859505276158292,
        "avg_time_train_distilled_normalized": 0.2059261896863959,
        "std_time_train_teacher_normalized": 0.014856538050942697,
        "std_time_train_student_normalized": 0.014175532940759317,
        "std_time_train_distilled_normalized": 0.011667323666779724,
        "avg_time_test_teacher_normalized": 1.0,
        "avg_time_test_student_normalized": 0.07834011032108155,
        "avg_time_test_distilled_normalized": 0.07923109465970583,
        "std_time_test_teacher_normalized": 0.03940402532360713,
        "std_time_test_student_normalized": 0.003755208366262752,
        "std_time_test_distilled_normalized": 0.003741968238951007,
        "avg_total_time": 10243.51276013769,
        "std_total_time": 393.50237053638267
    }
}