{
    "experiment_name": "EMNIST",
    "num_experiments": 22,
    "params": {
        "teacher": {
            "C": 1000,
            "T": 100,
            "s": 4.0,
            "epochs": 120
        },
        "student": {
            "C": 100,
            "T": 100,
            "s": 4.0,
            "epochs": 240
        },
        "temperature": 4.0,
        "alpha": 0.5,
        "z": 0.2,
        "_agg_num": 22,
        "weighted_clauses": true,
        "number_of_state_bits": 8,
        "combined_epochs": 360
    },
    "data": {
        "X_train": [
            124800,
            784
        ],
        "Y_train": [
            124800
        ],
        "X_test": [
            20800,
            784
        ],
        "Y_test": [
            20800
        ],
        "num_classes": 26
    },
    "analysis": {
        "avg_acc_test_teacher": 80.94315935800313,
        "avg_acc_test_student": 77.52553783022533,
        "avg_acc_test_distilled": 80.265769473582,
        "std_acc_test_teacher": 0.09077977274521448,
        "std_acc_test_student": 0.06873910717480494,
        "std_acc_test_distilled": 0.06577359155755527,
        "avg_acc_train_teacher": 86.88164639180263,
        "avg_acc_train_student": 79.37445569476819,
        "avg_acc_train_distilled": 83.17270410434473,
        "std_acc_train_teacher": 0.08982395450510341,
        "std_acc_train_student": 0.0664945167125183,
        "std_acc_train_distilled": 0.05721146909957952,
        "avg_time_train_teacher": 3.1032495169627548,
        "avg_time_train_student": 0.5919108654814537,
        "avg_time_train_distilled": 0.6450731965628537,
        "std_time_train_teacher": 0.04756261837220996,
        "std_time_train_student": 0.047311314874536235,
        "std_time_train_distilled": 0.03799116103509755,
        "avg_time_test_teacher": 3.1454298305993134,
        "avg_time_test_student": 0.2476190058871954,
        "avg_time_test_distilled": 0.2503242675102118,
        "std_time_test_teacher": 0.13382953486895982,
        "std_time_test_student": 0.01226782150598688,
        "std_time_test_distilled": 0.012266612430275589,
        "avg_time_train_teacher_normalized": 1.0,
        "avg_time_train_student_normalized": 0.19073905022654283,
        "avg_time_train_distilled_normalized": 0.20787023184465248,
        "std_time_train_teacher_normalized": 0.015326714178871739,
        "std_time_train_student_normalized": 0.015245733421024185,
        "std_time_train_distilled_normalized": 0.012242380391081362,
        "avg_time_test_teacher_normalized": 1.0,
        "avg_time_test_student_normalized": 0.07872342389530126,
        "avg_time_test_distilled_normalized": 0.07958348492629268,
        "std_time_test_teacher_normalized": 0.04254729626044803,
        "std_time_test_student_normalized": 0.0039002051123961778,
        "std_time_test_distilled_normalized": 0.003899820721143977,
        "avg_total_time": 10317.012159022417,
        "std_total_time": 422.20888947407985
    }
}