{
    "experiment_name": "EMNIST",
    "num_experiments": 10,
    "params": {
        "teacher": {
            "C": 1000,
            "T": 100,
            "s": 4.0,
            "epochs": 120
        },
        "student": {
            "C": 100,
            "T": 100,
            "s": 4.0,
            "epochs": 240
        },
        "temperature": 4.0,
        "alpha": 0.5,
        "z": 0.2,
        "weighted_clauses": true,
        "number_of_state_bits": 8,
        "combined_epochs": 360
    },
    "data": {
        "X_train": [
            124800,
            784
        ],
        "Y_train": [
            124800
        ],
        "X_test": [
            20800,
            784
        ],
        "Y_test": [
            20800
        ],
        "num_classes": 26
    },
    "analysis": {
        "avg_acc_test_teacher": 80.9629567307692,
        "avg_acc_test_student": 77.51844284188034,
        "avg_acc_test_distilled": 80.30977964743589,
        "std_acc_test_teacher": 0.09535983675456589,
        "std_acc_test_student": 0.050034786375016065,
        "std_acc_test_distilled": 0.07338764548251837,
        "avg_acc_train_teacher": 86.87575988247865,
        "avg_acc_train_student": 79.34675191417378,
        "avg_acc_train_distilled": 83.20119235220798,
        "std_acc_train_teacher": 0.08940165016333187,
        "std_acc_train_student": 0.055349898225720826,
        "std_acc_train_distilled": 0.058532951073322056,
        "avg_time_train_teacher": 3.1452986521191066,
        "avg_time_train_student": 0.6153998133209017,
        "avg_time_train_distilled": 0.6711684443553289,
        "std_time_train_teacher": 0.022472049824972383,
        "std_time_train_student": 0.0010414864080669044,
        "std_time_train_distilled": 0.001068252512484508,
        "avg_time_test_teacher": 3.272092834843529,
        "avg_time_test_student": 0.2607148947318395,
        "avg_time_test_distilled": 0.2633910028139751,
        "std_time_test_teacher": 0.06106755153054985,
        "std_time_test_student": 0.000641545324021399,
        "std_time_test_distilled": 0.0015752280915508046,
        "avg_time_train_teacher_normalized": 1.0,
        "avg_time_train_student_normalized": 0.1956570365444577,
        "avg_time_train_distilled_normalized": 0.21338782690894464,
        "std_time_train_teacher_normalized": 0.007144647396148537,
        "std_time_train_student_normalized": 0.00033112480665872926,
        "std_time_train_distilled_normalized": 0.00033963468358236325,
        "avg_time_test_teacher_normalized": 1.0,
        "avg_time_test_student_normalized": 0.0796783306254533,
        "avg_time_test_distilled_normalized": 0.08049618886396002,
        "std_time_test_teacher_normalized": 0.018663147597849268,
        "std_time_test_student_normalized": 0.00019606574642069193,
        "std_time_test_distilled_normalized": 0.0004814130194524683,
        "avg_total_time": 10724.548459982872,
        "std_total_time": 169.9232226768579
    }
}