{
    "experiment_name": "EMNIST",
    "num_experiments": 11,
    "params": {
        "teacher": {
            "C": 1000,
            "T": 100,
            "s": 4.0,
            "epochs": 120
        },
        "student": {
            "C": 100,
            "T": 100,
            "s": 4.0,
            "epochs": 240
        },
        "temperature": 4.0,
        "alpha": 0.5,
        "z": 0.2,
        "_agg_num": 11,
        "weighted_clauses": true,
        "number_of_state_bits": 8,
        "combined_epochs": 360
    },
    "data": {
        "X_train": [
            124800,
            784
        ],
        "Y_train": [
            124800
        ],
        "X_test": [
            20800,
            784
        ],
        "Y_test": [
            20800
        ],
        "num_classes": 26
    },
    "analysis": {
        "avg_acc_test_teacher": 80.95880439005438,
        "avg_acc_test_student": 77.52083697552449,
        "avg_acc_test_distilled": 80.30394692113443,
        "std_acc_test_teacher": 0.09150852357460777,
        "std_acc_test_student": 0.048126733712146014,
        "std_acc_test_distilled": 0.07225925211146313,
        "avg_acc_train_teacher": 86.87210951664078,
        "avg_acc_train_student": 79.35599970053094,
        "avg_acc_train_distilled": 83.19347339581715,
        "std_acc_train_teacher": 0.08567360401540035,
        "std_acc_train_student": 0.06081107783802864,
        "std_acc_train_distilled": 0.0611465525652623,
        "avg_time_train_teacher": 3.138401980953987,
        "avg_time_train_student": 0.6100705958376027,
        "avg_time_train_distilled": 0.6660646516265291,
        "std_time_train_teacher": 0.031268171129123286,
        "std_time_train_student": 0.017702609224960586,
        "std_time_train_distilled": 0.01695767523841135,
        "avg_time_test_teacher": 3.2385658540508966,
        "avg_time_test_student": 0.25846331185764737,
        "avg_time_test_distilled": 0.26124484385504876,
        "std_time_test_teacher": 0.12538326888667517,
        "std_time_test_student": 0.007492416312205606,
        "std_time_test_distilled": 0.007273182950617126,
        "avg_time_train_teacher_normalized": 1.0,
        "avg_time_train_student_normalized": 0.19438892772179497,
        "avg_time_train_distilled_normalized": 0.2122305095614501,
        "std_time_train_teacher_normalized": 0.009963086729768955,
        "std_time_train_student_normalized": 0.005640644293622158,
        "std_time_train_distilled_normalized": 0.005403283372022565,
        "avg_time_test_teacher_normalized": 1.0,
        "avg_time_test_student_normalized": 0.07980795312046955,
        "avg_time_test_distilled_normalized": 0.08066683082212942,
        "std_time_test_teacher_normalized": 0.03871567679559211,
        "std_time_test_student_normalized": 0.0023134982118192438,
        "std_time_test_distilled_normalized": 0.0022458036298751206,
        "avg_total_time": 10623.089081330732,
        "std_total_time": 373.1227306472493
    }
}