{
    "experiment_name": "EMNIST",
    "num_experiments": 12,
    "params": {
        "teacher": {
            "C": 1000,
            "T": 100,
            "s": 4.0,
            "epochs": 120
        },
        "student": {
            "C": 100,
            "T": 100,
            "s": 4.0,
            "epochs": 240
        },
        "temperature": 4.0,
        "alpha": 0.5,
        "z": 0.2,
        "_agg_num": 12,
        "weighted_clauses": true,
        "number_of_state_bits": 8,
        "combined_epochs": 360
    },
    "data": {
        "X_train": [
            124800,
            784
        ],
        "Y_train": [
            124800
        ],
        "X_test": [
            20800,
            784
        ],
        "Y_test": [
            20800
        ],
        "num_classes": 26
    },
    "analysis": {
        "avg_acc_test_teacher": 80.95244168447293,
        "avg_acc_test_student": 77.5240451388889,
        "avg_acc_test_distilled": 80.29986645299145,
        "std_acc_test_teacher": 0.08999090348665538,
        "std_acc_test_student": 0.04721364419972611,
        "std_acc_test_distilled": 0.07033156813018535,
        "avg_acc_train_teacher": 86.86128416577635,
        "avg_acc_train_student": 79.35938668536325,
        "avg_acc_train_distilled": 83.18882415568613,
        "std_acc_train_teacher": 0.08988300955152642,
        "std_acc_train_student": 0.05915628901000103,
        "std_acc_train_distilled": 0.06048459320522519,
        "avg_time_train_teacher": 3.139577717196058,
        "avg_time_train_student": 0.6222463969831113,
        "avg_time_train_distilled": 0.6731428078479237,
        "std_time_train_teacher": 0.030089950317857973,
        "std_time_train_student": 0.04543010751826527,
        "std_time_train_distilled": 0.029370465220854902,
        "avg_time_test_teacher": 3.2269642472819045,
        "avg_time_test_student": 0.2566607120964262,
        "avg_time_test_distilled": 0.25935991075303827,
        "std_time_test_teacher": 0.12612276922154736,
        "std_time_test_student": 0.009488171203434132,
        "std_time_test_distilled": 0.009525011628753176,
        "avg_time_train_teacher_normalized": 1.0,
        "avg_time_train_student_normalized": 0.19819429650521173,
        "avg_time_train_distilled_normalized": 0.21440552471786056,
        "std_time_train_teacher_normalized": 0.009584075639551664,
        "std_time_train_student_normalized": 0.014470133123138192,
        "std_time_train_distilled_normalized": 0.009354909438931018,
        "avg_time_test_teacher_normalized": 1.0,
        "avg_time_test_student_normalized": 0.07953627385633832,
        "avg_time_test_distilled_normalized": 0.08037272522355927,
        "std_time_test_teacher_normalized": 0.039084030549077685,
        "std_time_test_student_normalized": 0.0029402777583997343,
        "std_time_test_distilled_normalized": 0.0029516941927002016,
        "avg_total_time": 10601.052174230417,
        "std_total_time": 363.8566472835808
    }
}