{
    "experiment_name": "EMNIST",
    "num_experiments": 13,
    "params": {
        "teacher": {
            "C": 1000,
            "T": 100,
            "s": 4.0,
            "epochs": 120
        },
        "student": {
            "C": 100,
            "T": 100,
            "s": 4.0,
            "epochs": 240
        },
        "temperature": 4.0,
        "alpha": 0.5,
        "z": 0.2,
        "_agg_num": 13,
        "weighted_clauses": true,
        "number_of_state_bits": 8,
        "combined_epochs": 360
    },
    "data": {
        "X_train": [
            124800,
            784
        ],
        "Y_train": [
            124800
        ],
        "X_test": [
            20800,
            784
        ],
        "Y_test": [
            20800
        ],
        "num_classes": 26
    },
    "analysis": {
        "avg_acc_test_teacher": 80.94488823142669,
        "avg_acc_test_student": 77.51842640532546,
        "avg_acc_test_distilled": 80.29212380834977,
        "std_acc_test_teacher": 0.09036154956137,
        "std_acc_test_student": 0.04953564054840858,
        "std_acc_test_distilled": 0.07289478571632915,
        "avg_acc_train_teacher": 86.86194235563227,
        "avg_acc_train_student": 79.35398809034626,
        "avg_acc_train_distilled": 83.18187989672364,
        "std_acc_train_teacher": 0.08608914509232005,
        "std_acc_train_student": 0.05988929023368127,
        "std_acc_train_distilled": 0.06309053841052525,
        "avg_time_train_teacher": 3.135730270595632,
        "avg_time_train_student": 0.6172792736281696,
        "avg_time_train_distilled": 0.6684085216277685,
        "std_time_train_teacher": 0.03197486002702142,
        "std_time_train_student": 0.04703874503211234,
        "std_time_train_distilled": 0.032895500196864255,
        "avg_time_test_teacher": 3.217379380647953,
        "avg_time_test_student": 0.25525986216007135,
        "avg_time_test_distilled": 0.25791653073751014,
        "std_time_test_teacher": 0.12560127067635138,
        "std_time_test_student": 0.010393951308074065,
        "std_time_test_distilled": 0.010499945505437777,
        "avg_time_train_teacher_normalized": 1.0,
        "avg_time_train_student_normalized": 0.19685343456244322,
        "avg_time_train_distilled_normalized": 0.21315880638573048,
        "std_time_train_teacher_normalized": 0.010196942105274824,
        "std_time_train_student_normalized": 0.015000890055246156,
        "std_time_train_distilled_normalized": 0.010490538840451908,
        "avg_time_test_teacher_normalized": 1.0,
        "avg_time_test_student_normalized": 0.0793378187525601,
        "avg_time_test_distilled_normalized": 0.08016354312731623,
        "std_time_test_teacher_normalized": 0.03903837745459048,
        "std_time_test_student_normalized": 0.003230564406110174,
        "std_time_test_distilled_normalized": 0.0032635086706259597,
        "avg_total_time": 10560.378253184832,
        "std_total_time": 377.9759298552875
    }
}