{
    "experiment_name": "EMNIST",
    "num_experiments": 19,
    "params": {
        "teacher": {
            "C": 1000,
            "T": 100,
            "s": 4.0,
            "epochs": 120
        },
        "student": {
            "C": 100,
            "T": 100,
            "s": 4.0,
            "epochs": 240
        },
        "temperature": 4.0,
        "alpha": 0.5,
        "z": 0.2,
        "_agg_num": 19,
        "weighted_clauses": true,
        "number_of_state_bits": 8,
        "combined_epochs": 360
    },
    "data": {
        "X_train": [
            124800,
            784
        ],
        "Y_train": [
            124800
        ],
        "X_test": [
            20800,
            784
        ],
        "Y_test": [
            20800
        ],
        "num_classes": 26
    },
    "analysis": {
        "avg_acc_test_teacher": 80.945590840081,
        "avg_acc_test_student": 77.53117971210077,
        "avg_acc_test_distilled": 80.27204509671617,
        "std_acc_test_teacher": 0.09606772636602968,
        "std_acc_test_student": 0.06096284089797422,
        "std_acc_test_distilled": 0.06778408625093502,
        "avg_acc_train_teacher": 86.87915014901034,
        "avg_acc_train_student": 79.37796017487629,
        "avg_acc_train_distilled": 83.17851662074524,
        "std_acc_train_teacher": 0.095610162792087,
        "std_acc_train_student": 0.06648387347356091,
        "std_acc_train_distilled": 0.05869642319345437,
        "avg_time_train_teacher": 3.109007089946702,
        "avg_time_train_student": 0.5976349288608594,
        "avg_time_train_distilled": 0.6504775424275482,
        "std_time_train_teacher": 0.048784220751079584,
        "std_time_train_student": 0.04855652812689546,
        "std_time_train_distilled": 0.03817992693274511,
        "avg_time_test_teacher": 3.1573226562368943,
        "avg_time_test_student": 0.24944724119894693,
        "avg_time_test_distilled": 0.25206801859956035,
        "std_time_test_teacher": 0.14070982203799115,
        "std_time_test_student": 0.012233991181705596,
        "std_time_test_distilled": 0.01232804659877969,
        "avg_time_train_teacher_normalized": 1.0,
        "avg_time_train_student_normalized": 0.19222694306274635,
        "avg_time_train_distilled_normalized": 0.20922356353928398,
        "std_time_train_teacher_normalized": 0.015691254262117454,
        "std_time_train_student_normalized": 0.015618017817941955,
        "std_time_train_distilled_normalized": 0.012280424530456649,
        "avg_time_test_teacher_normalized": 1.0,
        "avg_time_test_student_normalized": 0.07900593900537699,
        "avg_time_test_distilled_normalized": 0.07983600222220927,
        "std_time_test_teacher_normalized": 0.044566183871020154,
        "std_time_test_student_normalized": 0.0038747991617324507,
        "std_time_test_distilled_normalized": 0.003904588773791358,
        "avg_total_time": 10360.392639097414,
        "std_total_time": 439.75009763506256
    }
}