{
    "experiment_name": "EMNIST",
    "num_experiments": 30,
    "params": {
        "teacher": {
            "C": 1000,
            "T": 100,
            "s": 4.0,
            "epochs": 120
        },
        "student": {
            "C": 100,
            "T": 100,
            "s": 4.0,
            "epochs": 240
        },
        "temperature": 4.0,
        "alpha": 0.5,
        "z": 0.2,
        "weighted_clauses": true,
        "number_of_state_bits": 8,
        "combined_epochs": 360
    },
    "data": {
        "X_train": [
            124800,
            784
        ],
        "Y_train": [
            124800
        ],
        "X_test": [
            20800,
            784
        ],
        "Y_test": [
            20800
        ],
        "num_classes": 26
    },
    "analysis": {
        "avg_acc_test_teacher": 80.94934428418804,
        "avg_acc_test_baseline": 77.50890268874645,
        "avg_acc_test_student": 80.25730546652423,
        "std_acc_test_teacher": 0.08659358033366406,
        "std_acc_test_baseline": 0.06848279799388383,
        "std_acc_test_student": 0.06916497532896206,
        "avg_acc_train_teacher": 86.89379414470561,
        "avg_acc_train_baseline": 79.36405092592592,
        "avg_acc_train_student": 83.17463667794397,
        "std_acc_train_teacher": 0.09438092279317346,
        "std_acc_train_baseline": 0.06466926056204314,
        "std_acc_train_student": 0.05765775518246209,
        "avg_time_train_teacher": 3.092034714641394,
        "avg_time_train_baseline": 0.5823664184852883,
        "avg_time_train_student": 0.6360643785529667,
        "std_time_train_teacher": 0.04529871244671419,
        "std_time_train_baseline": 0.043361441505077,
        "std_time_train_student": 0.03572945153718954,
        "avg_time_test_teacher": 3.1250052476591534,
        "avg_time_test_baseline": 0.24457318988111282,
        "avg_time_test_student": 0.24738252629836402,
        "std_time_test_teacher": 0.12105539670774375,
        "std_time_test_baseline": 0.011636962067316762,
        "std_time_test_student": 0.011579457608939877,
        "avg_time_train_teacher_normalized": 1.0,
        "avg_time_train_baseline_normalized": 0.18834407509322856,
        "avg_time_train_student_normalized": 0.2057106201107887,
        "std_time_train_teacher_normalized": 0.014650130618591021,
        "std_time_train_baseline_normalized": 0.014023594657508865,
        "std_time_train_student_normalized": 0.011555320309957564,
        "avg_time_test_teacher_normalized": 1.0,
        "avg_time_test_baseline_normalized": 0.07826328933825477,
        "avg_time_test_student_normalized": 0.07916227548215184,
        "std_time_test_teacher_normalized": 0.038737661896223255,
        "std_time_test_baseline_normalized": 0.0037238216083104697,
        "std_time_test_student_normalized": 0.0037054202125304256,
        "avg_total_time": 10239.32067835331,
        "std_total_time": 387.3394762294174
    }
}