{
    "experiment_name": "KMNIST",
    "num_experiments": 30,
    "params": {
        "teacher": {
            "C": 2000,
            "T": 100,
            "s": 8.2,
            "epochs": 120
        },
        "student": {
            "C": 200,
            "T": 100,
            "s": 8.2,
            "epochs": 240
        },
        "temperature": 4.0,
        "alpha": 0.5,
        "z": 0.3,
        "weighted_clauses": true,
        "number_of_state_bits": 8,
        "combined_epochs": 360
    },
    "data": {
        "X_train": [
            60000,
            784
        ],
        "Y_train": [
            60000
        ],
        "X_test": [
            10000,
            784
        ],
        "Y_test": [
            10000
        ],
        "num_classes": 10
    },
    "analysis": {
        "avg_acc_test_teacher": 85.40678333333332,
        "avg_acc_test_student": 80.10509259259261,
        "avg_acc_test_distilled": 82.46730092592593,
        "std_acc_test_teacher": 0.09783167173282416,
        "std_acc_test_student": 0.09368328911664567,
        "std_acc_test_distilled": 0.08692716556890996,
        "avg_acc_train_teacher": 98.08702222222222,
        "avg_acc_train_student": 92.44830694444445,
        "avg_acc_train_distilled": 94.62982746913578,
        "std_acc_train_teacher": 0.04212961649683447,
        "std_acc_train_student": 0.0603330224285896,
        "std_acc_train_distilled": 0.05097316727811286,
        "avg_time_train_teacher": 1.6571142433307788,
        "avg_time_train_student": 0.3345434033429181,
        "avg_time_train_distilled": 0.3474424227078756,
        "std_time_train_teacher": 0.04101681691722409,
        "std_time_train_student": 0.012715247056038322,
        "std_time_train_distilled": 0.012459599990051064,
        "avg_time_test_teacher": 0.9491951678417347,
        "avg_time_test_student": 0.09631633780620716,
        "avg_time_test_distilled": 0.09796906299061245,
        "std_time_test_teacher": 0.031559902844316805,
        "std_time_test_student": 0.006598439280219949,
        "std_time_test_distilled": 0.006641148171408333,
        "avg_time_train_teacher_normalized": 1.0,
        "avg_time_train_student_normalized": 0.201883125855276,
        "avg_time_train_distilled_normalized": 0.2096671512577918,
        "std_time_train_teacher_normalized": 0.02475195484095339,
        "std_time_train_student_normalized": 0.0076731264046592425,
        "std_time_train_distilled_normalized": 0.00751885395964458,
        "avg_time_test_teacher_normalized": 1.0,
        "avg_time_test_student_normalized": 0.10147158463228353,
        "avg_time_test_distilled_normalized": 0.10321277047098015,
        "std_time_test_teacher_normalized": 0.03324911874138302,
        "std_time_test_student_normalized": 0.0069516149088952655,
        "std_time_test_distilled_normalized": 0.006996609755724813,
        "avg_total_time": 3486.7730716228484,
        "std_total_time": 112.82537920021181
    }
}