{
    "experiment_name": "KMNIST",
    "num_experiments": 25,
    "params": {
        "teacher": {
            "C": 2000,
            "T": 100,
            "s": 8.2,
            "epochs": 120
        },
        "student": {
            "C": 200,
            "T": 100,
            "s": 8.2,
            "epochs": 240
        },
        "temperature": 4.0,
        "alpha": 0.5,
        "z": 0.3,
        "_agg_num": 25,
        "weighted_clauses": true,
        "number_of_state_bits": 8,
        "combined_epochs": 360
    },
    "data": {
        "X_train": [
            60000,
            784
        ],
        "Y_train": [
            60000
        ],
        "X_test": [
            10000,
            784
        ],
        "Y_test": [
            10000
        ],
        "num_classes": 10
    },
    "analysis": {
        "avg_acc_test_teacher": 85.4001411111111,
        "avg_acc_test_student": 80.1131211111111,
        "avg_acc_test_distilled": 82.47740444444446,
        "std_acc_test_teacher": 0.10313173126802562,
        "std_acc_test_student": 0.09495511714552646,
        "std_acc_test_distilled": 0.0759624270380038,
        "avg_acc_train_teacher": 98.09080166666665,
        "avg_acc_train_student": 92.46803685185185,
        "avg_acc_train_distilled": 94.6429962962963,
        "std_acc_train_teacher": 0.03878558695074716,
        "std_acc_train_student": 0.043471225420466345,
        "std_acc_train_distilled": 0.041715516909976186,
        "avg_time_train_teacher": 1.823529377301534,
        "avg_time_train_student": 0.34503668215539723,
        "avg_time_train_distilled": 0.3654450335502624,
        "std_time_train_teacher": 0.76809310704299,
        "std_time_train_student": 0.021576577563003983,
        "std_time_train_distilled": 0.05966636276832598,
        "avg_time_test_teacher": 1.0709824617173935,
        "avg_time_test_student": 0.09981124054061043,
        "avg_time_test_distilled": 0.10294764792919159,
        "std_time_test_teacher": 0.5336649477708522,
        "std_time_test_student": 0.002502317134476832,
        "std_time_test_distilled": 0.009295493635352134,
        "avg_time_train_teacher_normalized": 1.0,
        "avg_time_train_student_normalized": 0.18921366798377764,
        "avg_time_train_distilled_normalized": 0.2004053447666686,
        "std_time_train_teacher_normalized": 0.42121235698413445,
        "std_time_train_student_normalized": 0.011832316951719796,
        "std_time_train_distilled_normalized": 0.032720264071983585,
        "avg_time_test_teacher_normalized": 1.0,
        "avg_time_test_student_normalized": 0.09319596175324504,
        "avg_time_test_distilled_normalized": 0.09612449466642806,
        "std_time_test_teacher_normalized": 0.49829475910845816,
        "std_time_test_student_normalized": 0.002336468825515774,
        "std_time_test_distilled_normalized": 0.008679407896601942,
        "avg_total_time": 3781.520618457794,
        "std_total_time": 1205.4264198056455
    }
}