{
    "experiment_name": "IMDB",
    "num_experiments": 8,
    "params": {
        "teacher": {
            "C": 8000,
            "T": 6000,
            "s": 7.0,
            "epochs": 30
        },
        "student": {
            "C": 4000,
            "T": 6000,
            "s": 7.0,
            "epochs": 60
        },
        "temperature": 3.0,
        "alpha": 0.5,
        "z": 0.2,
        "_agg_num": 8,
        "weighted_clauses": true,
        "number_of_state_bits": 8,
        "combined_epochs": 90
    },
    "data": {
        "X_train": [
            25000,
            5000
        ],
        "Y_train": [
            25000
        ],
        "X_test": [
            25000,
            5000
        ],
        "Y_test": [
            25000
        ],
        "num_classes": 2
    },
    "analysis": {
        "avg_acc_test_teacher": 88.96771666666669,
        "avg_acc_test_student": 87.8985,
        "avg_acc_test_distilled": 88.6295361111111,
        "std_acc_test_teacher": 0.03273193727558322,
        "std_acc_test_student": 0.20627829115998902,
        "std_acc_test_distilled": 0.027855858356862873,
        "avg_acc_train_teacher": 99.4002888888889,
        "avg_acc_train_student": 98.44903888888888,
        "avg_acc_train_distilled": 98.9822,
        "std_acc_train_teacher": 0.05852314816595422,
        "std_acc_train_student": 0.20794338659408373,
        "std_acc_train_distilled": 0.13659055100678952,
        "avg_time_train_teacher": 28.88947007126278,
        "avg_time_train_student": 17.03867840733793,
        "avg_time_train_distilled": 9.2818404947718,
        "std_time_train_teacher": 0.2788833225238154,
        "std_time_train_student": 0.38728850117784475,
        "std_time_train_distilled": 0.23543733632748218,
        "avg_time_test_teacher": 17.93873301545779,
        "avg_time_test_student": 10.471562829944823,
        "avg_time_test_distilled": 9.399605158468088,
        "std_time_test_teacher": 0.6468714793333245,
        "std_time_test_student": 0.2345575362660091,
        "std_time_test_distilled": 0.14226568952116556,
        "avg_time_train_teacher_normalized": 1.0,
        "avg_time_train_student_normalized": 0.5897885411296212,
        "avg_time_train_distilled_normalized": 0.3212880150406332,
        "std_time_train_teacher_normalized": 0.009653459265119183,
        "std_time_train_student_normalized": 0.013405870728071687,
        "std_time_train_distilled_normalized": 0.008149589997556876,
        "avg_time_test_teacher_normalized": 1.0,
        "avg_time_test_student_normalized": 0.5837403801551362,
        "avg_time_test_distilled_normalized": 0.5239837813723219,
        "std_time_test_teacher_normalized": 0.03606004274526614,
        "std_time_test_student_normalized": 0.01307547952600058,
        "std_time_test_distilled_normalized": 0.007930643117246635,
        "avg_total_time": 10973.047712355852,
        "std_total_time": 165.17522628411155
    }
}