{
    "experiment_name": "IMDB",
    "num_experiments": 10,
    "params": {
        "teacher": {
            "C": 8000,
            "T": 6000,
            "s": 7.0,
            "epochs": 30
        },
        "student": {
            "C": 4000,
            "T": 6000,
            "s": 7.0,
            "epochs": 60
        },
        "temperature": 3.0,
        "alpha": 0.5,
        "z": 0.2,
        "weighted_clauses": true,
        "number_of_state_bits": 8,
        "combined_epochs": 90
    },
    "data": {
        "X_train": [
            25000,
            5000
        ],
        "Y_train": [
            25000
        ],
        "X_test": [
            25000,
            5000
        ],
        "Y_test": [
            25000
        ],
        "num_classes": 2
    },
    "analysis": {
        "avg_acc_test_teacher": 88.96018666666669,
        "avg_acc_test_student": 87.84526222222222,
        "avg_acc_test_distilled": 88.6234511111111,
        "std_acc_test_teacher": 0.04263177482777718,
        "std_acc_test_student": 0.23764127541428437,
        "std_acc_test_distilled": 0.03081505706814039,
        "avg_acc_train_teacher": 99.40806666666667,
        "avg_acc_train_student": 98.38756888888888,
        "avg_acc_train_distilled": 98.95820888888889,
        "std_acc_train_teacher": 0.06567626885573999,
        "std_acc_train_student": 0.23683052953571201,
        "std_acc_train_distilled": 0.1330875513271017,
        "avg_time_train_teacher": 28.946118898391717,
        "avg_time_train_student": 17.070127310752866,
        "avg_time_train_distilled": 9.35107688943545,
        "std_time_train_teacher": 0.4157149496230137,
        "std_time_train_student": 0.3481085519947868,
        "std_time_train_distilled": 0.2864545219811668,
        "avg_time_test_teacher": 17.876806125111052,
        "avg_time_test_student": 10.369256847964392,
        "avg_time_test_distilled": 9.364560378789902,
        "std_time_test_teacher": 0.7141951088955305,
        "std_time_test_student": 0.2994963268447046,
        "std_time_test_distilled": 0.17434467028134895,
        "avg_time_train_teacher_normalized": 1.0,
        "avg_time_train_student_normalized": 0.5897207625890497,
        "avg_time_train_distilled_normalized": 0.3230511462438237,
        "std_time_train_teacher_normalized": 0.014361681822778347,
        "std_time_train_student_normalized": 0.012026087269824898,
        "std_time_train_distilled_normalized": 0.009896128838090369,
        "avg_time_test_teacher_normalized": 1.0,
        "avg_time_test_student_normalized": 0.5800396768525103,
        "avg_time_test_distilled_normalized": 0.5238385600454526,
        "std_time_test_teacher_normalized": 0.03995093440613651,
        "std_time_test_student_normalized": 0.016753346473003947,
        "std_time_test_distilled_normalized": 0.009752562569689226,
        "avg_total_time": 10949.774336957931,
        "std_total_time": 199.03861155899256
    }
}