{
    "analysis": {
        "avg_acc_test_teacher": 79.174,
        "avg_acc_test_student": 72.57866666666668,
        "avg_acc_test_distilled": 72.14200000000001,
        "std_acc_test_teacher": 2.560576943916017,
        "std_acc_test_student": 2.900014449881898,
        "std_acc_test_distilled": 1.9567705821355539,
        "avg_acc_train_teacher": 91.73711111111112,
        "avg_acc_train_student": 85.94055555555555,
        "avg_acc_train_distilled": 85.95666666666668,
        "std_acc_train_teacher": 2.254118229975745,
        "std_acc_train_student": 1.954538132697674,
        "std_acc_train_distilled": 1.8020670573017925,
        "final_acc_test_distilled": 74.72999999999999,
        "final_acc_test_teacher": 81.67,
        "final_acc_test_student": 74.15,
        "final_acc_train_distilled": 87.59166666666667,
        "final_acc_train_teacher": 94.47666666666666,
        "final_acc_train_student": 87.64833333333333,
        "sum_time_train_teacher": 15.011760950088501,
        "sum_time_train_student": 4.631376504898071,
        "sum_time_train_distilled": 8.978552341461182,
        "sum_time_test_teacher": 5.809304475784302,
        "sum_time_test_student": 0.9112770557403564,
        "sum_time_test_distilled": 2.501986265182495,
        "avg_time_train_teacher": 1.0007840633392333,
        "avg_time_train_student": 0.30875843365987143,
        "avg_time_train_distilled": 0.3139519214630127,
        "avg_time_test_teacher": 0.38728696505228677,
        "avg_time_test_student": 0.06075180371602376,
        "avg_time_test_distilled": 0.057854533195495605,
        "total_time": 72.92404961585999
    },
    "params": {
        "teacher": {
            "C": 1000,
            "T": 100,
            "s": 8.2,
            "epochs": 5
        },
        "student": {
            "C": 100,
            "T": 100,
            "s": 8.2,
            "epochs": 10
        },
        "temperature": 4.0,
        "alpha": 0.5,
        "weighted_clauses": true,
        "number_of_state_bits": 8,
        "combined_epochs": 15
    },
    "experiment_name": "KMNIST",
    "timestamp": "2025-02-28 19:08:50",
    "id": "KMNIST_tC1000_sC100_tT100_sT100_ts8.2_ss8.2_te5_se10_temp4.0_a0.5",
    "results": {
        "acc_test_teacher": {
            "0": 74.2,
            "1": 75.24,
            "2": 77.56,
            "3": 77.18,
            "4": 76.21,
            "5": 78.66,
            "6": 79.66,
            "7": 80.04,
            "8": 81.42,
            "9": 81.32000000000001,
            "10": 79.41,
            "11": 82.0,
            "12": 81.64,
            "13": 81.39999999999999,
            "14": 81.67
        },
        "acc_test_student": {
            "0": 65.22,
            "1": 67.78,
            "2": 72.05,
            "3": 71.93,
            "4": 72.65,
            "5": 70.91,
            "6": 72.32,
            "7": 74.14,
            "8": 75.53,
            "9": 74.47,
            "10": 73.75,
            "11": 76.03999999999999,
            "12": 75.12,
            "13": 72.61999999999999,
            "14": 74.15
        },
        "acc_test_distilled": {
            "0": 74.2,
            "1": 75.24,
            "2": 77.56,
            "3": 77.18,
            "4": 76.21,
            "5": 67.86999999999999,
            "6": 70.72,
            "7": 70.97,
            "8": 71.77,
            "9": 72.32,
            "10": 72.61999999999999,
            "11": 73.1,
            "12": 73.97,
            "13": 73.35000000000001,
            "14": 74.72999999999999
        },
        "acc_train_teacher": {
            "0": 87.45166666666667,
            "1": 87.97500000000001,
            "2": 90.07833333333333,
            "3": 90.31,
            "4": 89.47,
            "5": 91.05666666666666,
            "6": 92.49666666666667,
            "7": 91.98166666666665,
            "8": 93.23166666666667,
            "9": 93.50500000000001,
            "10": 92.24333333333334,
            "11": 94.01833333333333,
            "12": 94.07166666666666,
            "13": 93.69,
            "14": 94.47666666666666
        },
        "acc_train_student": {
            "0": 81.11833333333334,
            "1": 82.76666666666667,
            "2": 84.75,
            "3": 84.98166666666667,
            "4": 85.76833333333333,
            "5": 85.28,
            "6": 85.72833333333332,
            "7": 86.91833333333334,
            "8": 87.03,
            "9": 87.67666666666668,
            "10": 87.13499999999999,
            "11": 88.11,
            "12": 87.55666666666667,
            "13": 86.64,
            "14": 87.64833333333333
        },
        "acc_train_distilled": {
            "0": NaN,
            "1": NaN,
            "2": NaN,
            "3": NaN,
            "4": NaN,
            "5": 82.08,
            "6": 83.905,
            "7": 85.36500000000001,
            "8": 85.79,
            "9": 86.40666666666667,
            "10": 86.40333333333334,
            "11": 86.83,
            "12": 88.03833333333333,
            "13": 87.15666666666667,
            "14": 87.59166666666667
        },
        "time_train_teacher": {
            "0": 1.4751250743865967,
            "1": 1.1875088214874268,
            "2": 1.0948047637939453,
            "3": 1.0508804321289062,
            "4": 1.0307140350341797,
            "5": 0.9973576068878174,
            "6": 0.9509093761444092,
            "7": 0.942126989364624,
            "8": 0.9276220798492432,
            "9": 0.9148075580596924,
            "10": 0.904688835144043,
            "11": 0.8978226184844971,
            "12": 0.882291316986084,
            "13": 0.8839638233184814,
            "14": 0.8711376190185547
        },
        "time_train_student": {
            "0": 0.362168550491333,
            "1": 0.3211965560913086,
            "2": 0.3299703598022461,
            "3": 0.3221592903137207,
            "4": 0.3065640926361084,
            "5": 0.31243443489074707,
            "6": 0.30648303031921387,
            "7": 0.3003268241882324,
            "8": 0.2963383197784424,
            "9": 0.30897045135498047,
            "10": 0.2932918071746826,
            "11": 0.29750895500183105,
            "12": 0.2894284725189209,
            "13": 0.2913527488708496,
            "14": 0.2931826114654541
        },
        "time_train_distilled": {
            "0": 1.4751250743865967,
            "1": 1.1875088214874268,
            "2": 1.0948047637939453,
            "3": 1.0508804321289062,
            "4": 1.0307140350341797,
            "5": 0.3511326313018799,
            "6": 0.32462596893310547,
            "7": 0.3179032802581787,
            "8": 0.31404876708984375,
            "9": 0.31620001792907715,
            "10": 0.3062117099761963,
            "11": 0.3056375980377197,
            "12": 0.29943418502807617,
            "13": 0.30184459686279297,
            "14": 0.30248045921325684
        },
        "time_test_teacher": {
            "0": 0.38478803634643555,
            "1": 0.37787938117980957,
            "2": 0.385739803314209,
            "3": 0.38752222061157227,
            "4": 0.3875114917755127,
            "5": 0.38855910301208496,
            "6": 0.3903927803039551,
            "7": 0.38271307945251465,
            "8": 0.3880586624145508,
            "9": 0.38944244384765625,
            "10": 0.3895266056060791,
            "11": 0.38996171951293945,
            "12": 0.3877451419830322,
            "13": 0.3891568183898926,
            "14": 0.3903071880340576
        },
        "time_test_student": {
            "0": 0.05985617637634277,
            "1": 0.05617523193359375,
            "2": 0.055419921875,
            "3": 0.05597710609436035,
            "4": 0.055648088455200195,
            "5": 0.05584526062011719,
            "6": 0.05615854263305664,
            "7": 0.05561494827270508,
            "8": 0.06710457801818848,
            "9": 0.08152937889099121,
            "10": 0.05538582801818848,
            "11": 0.08729934692382812,